Product_Name,Capacity,Category,Star_Ratings,Price,Discount,Rating,
Whirlpool,270 L,Triple Door,N/A,"₹ 28,490",25% off,4.3,
LG,343 L,Double Door,3 Star,"₹ 41,990",23% off,4.3,
Whirlpool,235 L,Triple Door,N/A,"₹ 25,990",29% off,4.5,
LG,242 L,Double Door,3 Star,"₹ 69,990",29% off,4.4,
Haier,596 L,Side by Side,N/A,"₹ 21,990",42% off,4.5,
Whirlpool,236 L,Single Door,5 Star,"₹ 25,990",24% off,4.3,
Haier,602 L,Side by Side,N/A,"₹ 61,990",43% off,4.5,
Whirlpool,240 L,Triple Door,N/A,"₹ 25,749",27% off,4.3,
Whirlpool,308 L,Double Door,3 Star,"₹ 32,990",40% off,4.3,
Voltas,472 L,Side by Side,N/A,"₹ 49,990",30% off,4.2,
Whirlpool,235 L,Double Door,2 Star,"₹ 23,777",26% off,4.1,
LG,272 L,Double Door,3 Star,"₹ 29,990",25% off,4.1,
Whirlpool,235 L,Double Door,3 Star,"₹ 25,490",21% off,4.2,
Godrej,272 L,Double Door,3 Star,"₹ 27,490",29% off,4.4,
LG,264 L,Double Door,2 Star,"₹ 28,990",28% off,4.3,
CANDY,328 L,Double Door,3 Star,"₹ 26,990",29% off,4.3,
Godrej,472 L,Double Door,2 Star,"₹ 50,990",42% off,4.3,
Godrej,436 L,Double Door,2 Star,"₹ 34,990",24% off,4.4,
Haier,268 L,Double Door,2 Star,"₹ 42,490",32% off,4.3,
LG,398 L,Double Door,3 Star,"₹ 24,990",37% off,4.1,
Voltas,563 L,Side by Side,N/A,"₹ 26,490",28% off,4.4,
LG,240 L,Double Door,3 Star,"₹ 45,990",31% off,4.3,
Haier,325 L,Double Door,3 Star,"₹ 53,990",26% off,4.3,
Whirlpool,300 L,Triple Door,N/A,"₹ 32,990",25% off,4.1,
Whirlpool,270 L,Triple Door,N/A,"₹ 32,990",25% off,4.3,
LG,343 L,Double Door,3 Star,"₹ 59,990",29% off,4.5,
Whirlpool,235 L,Triple Door,N/A,"₹ 25,190",23% off,4.3,
LG,242 L,Double Door,3 Star,"₹ 28,990",42% off,4.4,
Haier,596 L,Side by Side,N/A,"₹ 23,990",24% off,4.5,
Whirlpool,236 L,Single Door,5 Star,"₹ 35,490",29% off,4.3,
Haier,602 L,Side by Side,N/A,"₹ 39,990",43% off,4.5,
Whirlpool,240 L,Triple Door,N/A,"₹ 61,990",27% off,4.3,
Whirlpool,308 L,Double Door,3 Star,"₹ 24,990",25% off,4.1,
Voltas,472 L,Side by Side,N/A,"₹ 27,270",40% off,4.3,
Whirlpool,235 L,Double Door,2 Star,"₹ 26,190",29% off,4.3,
LG,272 L,Double Door,3 Star,"₹ 43,990",30% off,4.3,
Whirlpool,235 L,Double Door,3 Star,"₹ 29,999",26% off,4.2,
Godrej,272 L,Double Door,3 Star,"₹ 63,990",21% off,4.1,
LG,264 L,Double Door,2 Star,"₹ 24,790",28% off,4.2,
CANDY,328 L,Double Door,3 Star,"₹ 24,490",29% off,4.4,
Godrej,472 L,Double Door,2 Star,"₹ 24,990",25% off,4.3,
Godrej,436 L,Double Door,2 Star,"₹ 28,050",31% off,4.1,
Haier,268 L,Double Door,2 Star,"₹ 24,490",37% off,4.1,
LG,398 L,Double Door,3 Star,"₹ 26,590",32% off,4.3,
Voltas,563 L,Side by Side,N/A,"₹ 27,490",28% off,4.4,
LG,240 L,Double Door,3 Star,"₹ 44,990",24% off,4.3,
Haier,325 L,Double Door,3 Star,"₹ 74,990",42% off,4.4,
Whirlpool,300 L,Triple Door,N/A,"₹ 59,990",26% off,4.3,
Whirlpool,270 L,Triple Door,N/A,"₹ 93,990",25% off,4.3,
LG,343 L,Double Door,3 Star,"₹ 22,490",29% off,4.5,
Whirlpool,235 L,Triple Door,N/A,"₹ 32,990",23% off,4.3,
Haier,596 L,Side by Side,N/A,"₹ 34,990",29% off,4.4,
Whirlpool,236 L,Single Door,5 Star,"₹ 23,490",42% off,4.5,
LG,242 L,Double Door,3 Star,"₹ 26,590",24% off,4.3,
Haier,602 L,Side by Side,N/A,"₹ 27,980",43% off,4.5,
Whirlpool,240 L,Triple Door,N/A,"₹ 47,990",19% off,4.3,
Whirlpool,308 L,Double Door,3 Star,"₹ 49,990",25% off,4.1,
Voltas,472 L,Side by Side,N/A,"₹ 54,490",40% off,4.3,
Whirlpool,235 L,Double Door,2 Star,"₹ 26,950",25% off,4.3,
LG,272 L,Double Door,3 Star,"₹ 29,990",29% off,4.2,
Whirlpool,235 L,Double Door,3 Star,"₹ 29,990",30% off,4.1,
Godrej,272 L,Double Door,3 Star,"₹ 32,050",26% off,4.2,
CANDY,328 L,Double Door,3 Star,"₹ 33,290",21% off,4.4,
LG,264 L,Double Door,2 Star,"₹ 24,550",29% off,4.3,
Godrej,472 L,Double Door,2 Star,"₹ 25,990",28% off,4.1,
Haier,325 L,Double Door,3 Star,"₹ 24,890",25% off,4.1,
Godrej,436 L,Double Door,2 Star,"₹ 36,890",37% off,4.3,
Haier,268 L,Double Door,2 Star,"₹ 50,890",32% off,4.4,
LG,240 L,Double Door,3 Star,"₹ 72,990",24% off,4.3,
LG,398 L,Double Door,3 Star,"₹ 25,990",42% off,4.4,
Voltas,563 L,Side by Side,N/A,"₹ 24,990",28% off,4.3,
Whirlpool,300 L,Triple Door,N/A,"₹ 30,740",31% off,4.3,
Whirlpool,270 L,Triple Door,N/A,"₹ 24,990",25% off,4.3,
Whirlpool,235 L,Triple Door,N/A,"₹ 22,990",23% off,4.5,
LG,343 L,Double Door,3 Star,"₹ 27,450",29% off,4.3,
LG,242 L,Double Door,3 Star,"₹ 30,740",29% off,4.4,
Haier,596 L,Side by Side,N/A,"₹ 30,990",42% off,4.5,
Whirlpool,236 L,Single Door,5 Star,"₹ 24,000",24% off,4.3,
Haier,602 L,Side by Side,N/A,"₹ 26,490",43% off,4.5,
Whirlpool,240 L,Triple Door,N/A,"₹ 26,790",27% off,4.3,
Voltas,472 L,Side by Side,N/A,"₹ 39,990",40% off,4.1,
LG,272 L,Double Door,3 Star,"₹ 27,990",30% off,4.3,
Whirlpool,235 L,Double Door,3 Star,"₹ 30,990",26% off,4.3,
Whirlpool,308 L,Double Door,3 Star,"₹ 24,990",25% off,4.2,
Godrej,272 L,Double Door,3 Star,"₹ 37,990",21% off,4.1,
LG,264 L,Double Door,2 Star,"₹ 31,690",29% off,4.2,
CANDY,328 L,Double Door,3 Star,"₹ 23,799",28% off,4.4,
Whirlpool,235 L,Double Door,2 Star,"₹ 32,990",29% off,4.3,
Voltas,563 L,Side by Side,N/A,"₹ 29,999",42% off,4.1,
LG,398 L,Double Door,3 Star,"₹ 38,990",24% off,4.1,
Haier,268 L,Double Door,2 Star,"₹ 32,990",32% off,4.3,
Godrej,436 L,Double Door,2 Star,"₹ 25,240",37% off,4.4,
LG,240 L,Double Door,3 Star,"₹ 24,990",28% off,4.3,
Haier,325 L,Double Door,3 Star,"₹ 23,959",31% off,4.4,
Whirlpool,300 L,Triple Door,N/A,"₹ 33,819",26% off,4.3,
Godrej,472 L,Double Door,2 Star,"₹ 23,999",25% off,4.3,
Whirlpool,270 L,Triple Door,N/A,"₹ 27,990",25% off,4.3,
LG,343 L,Double Door,3 Star,"₹ 37,490",29% off,4.3,
Whirlpool,235 L,Triple Door,N/A,"₹ 28,480",23% off,4.5,
LG,242 L,Double Door,3 Star,"₹ 26,517",29% off,4.4,
Haier,596 L,Side by Side,N/A,"₹ 60,990",42% off,4.5,
Whirlpool,236 L,Single Door,5 Star,"₹ 26,999",24% off,4.3,
Haier,602 L,Side by Side,N/A,"₹ 33,990",43% off,4.5,
Whirlpool,240 L,Triple Door,N/A,"₹ 49,990",27% off,4.3,
Whirlpool,308 L,Double Door,3 Star,"₹ 28,836",25% off,4.3,
Voltas,472 L,Side by Side,N/A,"₹ 54,990",40% off,4.2,
Whirlpool,235 L,Double Door,2 Star,"₹ 22,570",29% off,4.1,
LG,272 L,Double Door,3 Star,"₹ 24,990",30% off,4.1,
Whirlpool,235 L,Double Door,3 Star,"₹ 37,990",26% off,4.2,
Godrej,272 L,Double Door,3 Star,"₹ 1,35,999",21% off,4.4,
LG,264 L,Double Door,2 Star,"₹ 84,990",29% off,4.3,
CANDY,328 L,Double Door,3 Star,"₹ 37,000",28% off,4.3,
Godrej,472 L,Double Door,2 Star,"₹ 26,290",25% off,4.3,
Godrej,436 L,Double Door,2 Star,"₹ 33,990",37% off,4.4,
Haier,268 L,Double Door,2 Star,"₹ 27,599",32% off,4.3,
LG,398 L,Double Door,3 Star,"₹ 24,990",24% off,4.1,
Voltas,563 L,Side by Side,N/A,"₹ 49,999",42% off,4.4,
LG,240 L,Double Door,3 Star,"₹ 27,999",28% off,4.3,
Haier,325 L,Double Door,3 Star,"₹ 24,399",31% off,4.3,
Whirlpool,300 L,Triple Door,N/A,"₹ 25,990",26% off,4.1,
Whirlpool,270 L,Triple Door,N/A,"₹ 50,990",25% off,4.3,
LG,343 L,Double Door,3 Star,"₹ 50,890",29% off,4.5,
Whirlpool,235 L,Triple Door,N/A,"₹ 49,999",23% off,4.3,
LG,242 L,Double Door,3 Star,"₹ 49,990",42% off,4.5,
Haier,596 L,Side by Side,N/A,"₹ 49,990",24% off,4.3,
Whirlpool,236 L,Single Door,5 Star,"₹ 49,990",29% off,4.4,
Haier,602 L,Side by Side,N/A,"₹ 49,990",43% off,4.5,
Whirlpool,240 L,Triple Door,N/A,"₹ 49,990",27% off,4.3,
Whirlpool,308 L,Double Door,3 Star,"₹ 49,990",25% off,4.1,
Voltas,472 L,Side by Side,N/A,"₹ 49,990",40% off,4.3,
Whirlpool,235 L,Double Door,2 Star,"₹ 49,990",29% off,4.3,
LG,272 L,Double Door,3 Star,"₹ 49,990",30% off,4.2,
Whirlpool,235 L,Double Door,3 Star,"₹ 49,990",26% off,4.1,
Godrej,272 L,Double Door,3 Star,"₹ 49,990",21% off,4.2,
LG,264 L,Double Door,2 Star,"₹ 49,950",28% off,4.3,
CANDY,328 L,Double Door,3 Star,"₹ 48,990",29% off,4.4,
Godrej,472 L,Double Door,2 Star,"₹ 48,490",25% off,4.1,
Godrej,436 L,Double Door,2 Star,"₹ 47,990",31% off,4.3,
Haier,268 L,Double Door,2 Star,"₹ 47,970",37% off,4.1,
LG,398 L,Double Door,3 Star,"₹ 47,890",32% off,4.3,
Voltas,563 L,Side by Side,N/A,"₹ 47,319",28% off,4.4,
LG,240 L,Double Door,3 Star,"₹ 46,990",24% off,4.4,
Haier,325 L,Double Door,3 Star,"₹ 46,225",42% off,4.3,
Whirlpool,300 L,Triple Door,N/A,"₹ 45,999",26% off,4.3,
Whirlpool,270 L,Triple Door,N/A,"₹ 45,999",25% off,4.3,
Whirlpool,235 L,Triple Door,N/A,"₹ 45,999",29% off,4.5,
LG,343 L,Double Door,3 Star,"₹ 45,999",23% off,4.3,
LG,242 L,Double Door,3 Star,"₹ 45,990",29% off,4.4,
Haier,596 L,Side by Side,N/A,"₹ 45,990",42% off,4.5,
Whirlpool,236 L,Single Door,5 Star,"₹ 45,990",24% off,4.3,
Haier,602 L,Side by Side,N/A,"₹ 45,990",43% off,4.5,
Whirlpool,240 L,Triple Door,N/A,"₹ 45,680",19% off,4.3,
Voltas,472 L,Side by Side,N/A,"₹ 45,590",25% off,4.1,
LG,272 L,Double Door,3 Star,"₹ 45,590",40% off,4.3,
Whirlpool,235 L,Double Door,3 Star,"₹ 45,490",25% off,4.3,
Whirlpool,308 L,Double Door,3 Star,"₹ 45,490",29% off,4.2,
Godrej,272 L,Double Door,3 Star,"₹ 45,490",30% off,4.1,
LG,264 L,Double Door,2 Star,"₹ 45,090",26% off,4.2,
CANDY,328 L,Double Door,3 Star,"₹ 44,990",21% off,4.4,
Whirlpool,235 L,Double Door,2 Star,"₹ 44,886",29% off,4.3,
Voltas,563 L,Side by Side,N/A,"₹ 43,999",28% off,4.1,
LG,398 L,Double Door,3 Star,"₹ 43,990",25% off,4.1,
Haier,268 L,Double Door,2 Star,"₹ 43,990",37% off,4.3,
Godrej,436 L,Double Door,2 Star,"₹ 43,990",32% off,4.4,
LG,240 L,Double Door,3 Star,"₹ 43,990",24% off,4.3,
Haier,325 L,Double Door,3 Star,"₹ 43,990",42% off,4.4,
Whirlpool,300 L,Triple Door,N/A,"₹ 43,890",28% off,4.3,
Godrej,472 L,Double Door,2 Star,"₹ 43,800",31% off,4.3,
Whirlpool,270 L,Triple Door,N/A,"₹ 43,600",25% off,4.3,
LG,343 L,Double Door,3 Star,"₹ 42,990",29% off,4.5,
Whirlpool,235 L,Triple Door,N/A,"₹ 42,490",23% off,4.3,
LG,242 L,Double Door,3 Star,"₹ 42,390",29% off,4.5,
Haier,596 L,Side by Side,N/A,"₹ 42,170",42% off,4.3,
Whirlpool,236 L,Single Door,5 Star,"₹ 41,990",24% off,4.4,
Haier,602 L,Side by Side,N/A,"₹ 41,870",43% off,4.5,
Whirlpool,240 L,Triple Door,N/A,"₹ 41,390",27% off,4.3,
Whirlpool,308 L,Double Door,3 Star,"₹ 41,199",25% off,4.1,
Voltas,472 L,Side by Side,N/A,"₹ 40,999",40% off,4.3,
Whirlpool,235 L,Double Door,2 Star,"₹ 40,888",29% off,4.3,
LG,272 L,Double Door,3 Star,"₹ 40,790",30% off,4.2,
Whirlpool,235 L,Double Door,3 Star,"₹ 40,590",26% off,4.1,
Godrej,272 L,Double Door,3 Star,"₹ 40,590",21% off,4.2,
LG,264 L,Double Door,2 Star,"₹ 40,590",29% off,4.3,
CANDY,328 L,Double Door,3 Star,"₹ 40,000",28% off,4.4,
Godrej,472 L,Double Door,2 Star,"₹ 39,990",25% off,4.1,
Godrej,436 L,Double Door,2 Star,"₹ 39,990",37% off,4.3,
Haier,268 L,Double Door,2 Star,"₹ 39,990",32% off,4.1,
LG,398 L,Double Door,3 Star,"₹ 39,989",24% off,4.3,
Voltas,563 L,Side by Side,N/A,"₹ 39,744",42% off,4.4,
LG,240 L,Double Door,3 Star,"₹ 39,559",28% off,4.4,
Haier,325 L,Double Door,3 Star,"₹ 39,290",31% off,4.3,
Whirlpool,300 L,Triple Door,N/A,"₹ 38,990",26% off,4.3,
Whirlpool,270 L,Triple Door,N/A,"₹ 38,990",25% off,4.3,
LG,343 L,Double Door,3 Star,"₹ 38,790",29% off,4.5,
Whirlpool,235 L,Triple Door,N/A,"₹ 38,490",23% off,4.3,
LG,242 L,Double Door,3 Star,"₹ 38,290",42% off,4.4,
Haier,596 L,Side by Side,N/A,"₹ 38,290",24% off,4.5,
Haier,602 L,Side by Side,N/A,"₹ 37,999",29% off,4.3,
Whirlpool,240 L,Triple Door,N/A,"₹ 39,105",43% off,4.5,
Whirlpool,308 L,Double Door,3 Star,"₹ 37,990",27% off,4.3,
Voltas,472 L,Side by Side,N/A,"₹ 37,990",25% off,4.1,
Whirlpool,235 L,Double Door,2 Star,"₹ 37,800",40% off,4.3,
LG,272 L,Double Door,3 Star,"₹ 37,650",29% off,4.3,
Whirlpool,235 L,Double Door,3 Star,"₹ 37,517",30% off,4.2,
Godrej,272 L,Double Door,3 Star,"₹ 37,490",26% off,4.1,
LG,264 L,Double Door,2 Star,"₹ 37,490",21% off,4.2,
CANDY,328 L,Double Door,3 Star,"₹ 37,490",28% off,4.4,
Godrej,472 L,Double Door,2 Star,"₹ 37,290",29% off,4.3,
Godrej,436 L,Double Door,2 Star,"₹ 37,000",25% off,4.1,
Haier,268 L,Double Door,2 Star,"₹ 36,990",31% off,4.1,
LG,398 L,Double Door,3 Star,"₹ 36,990",37% off,4.3,
Voltas,563 L,Side by Side,N/A,"₹ 36,890",32% off,4.4,
LG,240 L,Double Door,3 Star,"₹ 36,590",28% off,4.3,
Haier,325 L,Double Door,3 Star,"₹ 36,390",24% off,4.4,
Whirlpool,300 L,Triple Door,N/A,"₹ 36,240",42% off,4.3,
Whirlpool,300 L,Triple Door,N/A,"₹ 35,999",26% off,4.3,
Whirlpool,270 L,Triple Door,N/A,"₹ 35,999",25% off,4.3,
LG,343 L,Double Door,3 Star,"₹ 35,990",29% off,4.5,
Whirlpool,235 L,Triple Door,N/A,"₹ 35,990",23% off,4.3,
Haier,596 L,Side by Side,N/A,"₹ 35,790",42% off,4.5,
Whirlpool,236 L,Single Door,5 Star,"₹ 35,590",24% off,4.3,
LG,242 L,Double Door,3 Star,"₹ 35,490",29% off,4.4,
Haier,602 L,Side by Side,N/A,"₹ 35,390",43% off,4.5,
Whirlpool,240 L,Triple Door,N/A,"₹ 35,337",27% off,4.3,
Whirlpool,308 L,Double Door,3 Star,"₹ 35,190",25% off,4.1,
Voltas,472 L,Side by Side,N/A,"₹ 35,000",40% off,4.3,
Whirlpool,235 L,Double Door,2 Star,"₹ 34,999",29% off,4.3,
LG,272 L,Double Door,3 Star,"₹ 34,990",30% off,4.2,
Whirlpool,235 L,Double Door,3 Star,"₹ 34,990",26% off,4.1,
Godrej,272 L,Double Door,3 Star,"₹ 34,990",21% off,4.2,
CANDY,328 L,Double Door,3 Star,"₹ 34,990",28% off,4.3,
LG,264 L,Double Door,2 Star,"₹ 34,900",29% off,4.4,
Godrej,472 L,Double Door,2 Star,"₹ 34,999",25% off,4.1,
Haier,325 L,Double Door,3 Star,"₹ 34,590",31% off,4.3,
Godrej,436 L,Double Door,2 Star,"₹ 34,489",37% off,4.1,
Haier,268 L,Double Door,2 Star,"₹ 34,062",32% off,4.3,
LG,240 L,Double Door,3 Star,"₹ 39,910",28% off,4.4,
LG,398 L,Double Door,3 Star,"₹ 38,999",24% off,4.4,
Voltas,563 L,Side by Side,N/A,"₹ 34,489",42% off,4.3,
Whirlpool,300 L,Triple Door,N/A,"₹ 34,062",26% off,4.3,
Whirlpool,270 L,Triple Door,N/A,"₹ 33,999",25% off,4.3,
LG,343 L,Double Door,3 Star,"₹ 33,990",29% off,4.5,
Whirlpool,235 L,Triple Door,N/A,"₹ 33,990",23% off,4.3,
Haier,596 L,Side by Side,N/A,"₹ 33,990",29% off,4.4,
Whirlpool,236 L,Single Door,5 Star,"₹ 33,819",42% off,4.5,
LG,242 L,Double Door,3 Star,"₹ 33,590",24% off,4.3,
Haier,602 L,Side by Side,N/A,"₹ 33,500",43% off,4.5,
Whirlpool,240 L,Triple Door,N/A,"₹ 33,490",27% off,4.3,
Whirlpool,308 L,Double Door,3 Star,"₹ 33,397",25% off,4.1,
Voltas,472 L,Side by Side,N/A,"₹ 33,290",40% off,4.3,
Whirlpool,235 L,Double Door,2 Star,"₹ 33,290",29% off,4.3,
LG,272 L,Double Door,3 Star,"₹ 33,257",30% off,4.2,
Whirlpool,235 L,Double Door,3 Star,"₹ 32,990",26% off,4.1,
Godrej,272 L,Double Door,3 Star,"₹ 32,990",21% off,4.2,
CANDY,328 L,Double Door,3 Star,"₹ 32,990",29% off,4.4,
LG,264 L,Double Door,2 Star,"₹ 32,990",28% off,4.3,
Godrej,472 L,Double Door,2 Star,"₹ 32,990",25% off,4.1,
Haier,325 L,Double Door,3 Star,"₹ 32,990",37% off,4.1,
Godrej,436 L,Double Door,2 Star,"₹ 32,990",32% off,4.3,
Haier,268 L,Double Door,2 Star,"₹ 32,818",24% off,4.4,
LG,240 L,Double Door,3 Star,"₹ 32,710",42% off,4.3,
LG,398 L,Double Door,3 Star,"₹ 32,590",28% off,4.4,
Voltas,563 L,Side by Side,N/A,"₹ 32,190",31% off,4.3,
Whirlpool,300 L,Triple Door,N/A,"₹ 32,100",26% off,4.3,
Whirlpool,270 L,Triple Door,N/A,"₹ 32,050",25% off,4.3,
LG,343 L,Double Door,3 Star,"₹ 31,999",23% off,4.5,
Whirlpool,235 L,Triple Door,N/A,"₹ 31,990",29% off,4.3,
LG,242 L,Double Door,3 Star,"₹ 31,990",29% off,4.5,
Haier,596 L,Side by Side,N/A,"₹ 31,790",42% off,4.3,
Whirlpool,236 L,Single Door,5 Star,"₹ 31,790",24% off,4.4,
Haier,602 L,Side by Side,N/A,"₹ 31,749",43% off,4.5,
Whirlpool,240 L,Triple Door,N/A,"₹ 31,733",27% off,4.3,
Whirlpool,308 L,Double Door,3 Star,"₹ 31,690",40% off,4.1,
Voltas,472 L,Side by Side,N/A,"₹ 31,690",30% off,4.3,
Whirlpool,235 L,Double Door,2 Star,"₹ 31,600",26% off,4.3,
LG,272 L,Double Door,3 Star,"₹ 31,490",25% off,4.2,
Whirlpool,235 L,Double Door,3 Star,"₹ 31,090",21% off,4.1,
Godrej,272 L,Double Door,3 Star,"₹ 30,999",29% off,4.2,
LG,264 L,Double Door,2 Star,"₹ 30,999",28% off,4.3,
CANDY,328 L,Double Door,3 Star,"₹ 30,999",29% off,4.4,
Godrej,472 L,Double Door,2 Star,"₹ 30,999",42% off,4.1,
Godrej,436 L,Double Door,2 Star,"₹ 30,990",24% off,4.3,
Haier,268 L,Double Door,2 Star,"₹ 30,990",32% off,4.1,
LG,398 L,Double Door,3 Star,"₹ 30,990",37% off,4.3,
Voltas,563 L,Side by Side,N/A,"₹ 30,990",28% off,4.4,
LG,240 L,Double Door,3 Star,"₹ 30,790",31% off,4.4,
Haier,325 L,Double Door,3 Star,"₹ 30,740",26% off,4.3,
Whirlpool,300 L,Triple Door,N/A,"₹ 30,590",25% off,4.3,
Whirlpool,270 L,Triple Door,N/A,"₹ 30,521",25% off,4.3,
LG,343 L,Double Door,3 Star,"₹ 30,519",29% off,4.5,
Whirlpool,235 L,Triple Door,N/A,"₹ 30,390",23% off,4.3,
LG,242 L,Double Door,3 Star,"₹ 30,390",29% off,4.5,
Haier,596 L,Side by Side,N/A,"₹ 30,100",42% off,4.3,
Whirlpool,236 L,Single Door,5 Star,"₹ 30,100",24% off,4.4,
Haier,602 L,Side by Side,N/A,"₹ 29,999",43% off,4.5,
Whirlpool,240 L,Triple Door,N/A,"₹ 29,999",27% off,4.3,
Whirlpool,308 L,Double Door,3 Star,"₹ 29,999",25% off,4.1,
Voltas,472 L,Side by Side,N/A,"₹ 29,999",40% off,4.3,
Whirlpool,235 L,Double Door,2 Star,"₹ 29,999",29% off,4.3,
LG,272 L,Double Door,3 Star,"₹ 29,999",30% off,4.2,
Whirlpool,235 L,Double Door,3 Star,"₹ 29,999",26% off,4.1,
Godrej,272 L,Double Door,3 Star,"₹ 29,990",21% off,4.2,
LG,264 L,Double Door,2 Star,"₹ 29,990",29% off,4.3,
CANDY,328 L,Double Door,3 Star,"₹ 29,990",28% off,4.4,
Godrej,472 L,Double Door,2 Star,"₹ 29,990",25% off,4.1,
Godrej,436 L,Double Door,2 Star,"₹ 29,969",37% off,4.3,
Haier,268 L,Double Door,2 Star,"₹ 29,890",32% off,4.1,
LG,398 L,Double Door,3 Star,"₹ 29,490",24% off,4.3,
Voltas,563 L,Side by Side,N/A,"₹ 29,490",42% off,4.4,
LG,240 L,Double Door,3 Star,"₹ 29,490",28% off,4.4,
Haier,325 L,Double Door,3 Star,"₹ 29,490",31% off,4.3,
Whirlpool,300 L,Triple Door,N/A,"₹ 29,490",26% off,4.3,
Whirlpool,270 L,Triple Door,N/A,"₹ 29,490",25% off,4.3,
LG,343 L,Double Door,3 Star,"₹ 29,490",29% off,4.5,
Whirlpool,235 L,Triple Door,N/A,"₹ 29,490",23% off,4.3,
LG,242 L,Double Door,3 Star,"₹ 29,399",42% off,4.5,
Haier,596 L,Side by Side,N/A,"₹ 28,999",24% off,4.3,
Whirlpool,236 L,Single Door,5 Star,"₹ 28,999",29% off,4.4,
Haier,602 L,Side by Side,N/A,"₹ 28,990",43% off,4.5,
Whirlpool,240 L,Triple Door,N/A,"₹ 28,990",27% off,4.3,
Whirlpool,308 L,Double Door,3 Star,"₹ 28,990",25% off,4.1,
Voltas,472 L,Side by Side,N/A,"₹ 28,989",40% off,4.3,
Whirlpool,235 L,Double Door,2 Star,"₹ 28,836",29% off,4.3,
LG,272 L,Double Door,3 Star,"₹ 28,699",30% off,4.2,
Whirlpool,235 L,Double Door,3 Star,"₹ 28,699",26% off,4.1,
Godrej,272 L,Double Door,3 Star,"₹ 28,590",21% off,4.2,
LG,264 L,Double Door,2 Star,"₹ 28,550",28% off,4.3,
CANDY,328 L,Double Door,3 Star,"₹ 28,550",29% off,4.4,
Godrej,472 L,Double Door,2 Star,"₹ 28,490",25% off,4.1,
Godrej,436 L,Double Door,2 Star,"₹ 28,490",31% off,4.3,
Haier,268 L,Double Door,2 Star,"₹ 28,490",37% off,4.1,
LG,398 L,Double Door,3 Star,"₹ 28,480",32% off,4.3,
Voltas,563 L,Side by Side,N/A,"₹ 28,390",28% off,4.4,
LG,240 L,Double Door,3 Star,"₹ 27,999",24% off,4.4,
Haier,325 L,Double Door,3 Star,"₹ 27,990",42% off,4.3,
Whirlpool,300 L,Triple Door,N/A,"₹ 27,990",26% off,4.3,
Whirlpool,270 L,Triple Door,N/A,"₹ 27,990",25% off,4.3,
LG,343 L,Double Door,3 Star,"₹ 27,990",29% off,4.5,
Whirlpool,235 L,Triple Door,N/A,"₹ 27,990",23% off,4.3,
LG,242 L,Double Door,3 Star,"₹ 27,990",29% off,4.5,
Haier,596 L,Side by Side,N/A,"₹ 27,990",42% off,4.3,
Whirlpool,236 L,Single Door,5 Star,"₹ 27,890",24% off,4.4,
Haier,602 L,Side by Side,N/A,"₹ 27,790",43% off,4.5,
Whirlpool,240 L,Triple Door,N/A,"₹ 27,751",27% off,4.3,
Whirlpool,308 L,Double Door,3 Star,"₹ 27,699",25% off,4.1,
Voltas,472 L,Side by Side,N/A,"₹ 27,980",40% off,4.3,
Whirlpool,235 L,Double Door,2 Star,"₹ 27,599",29% off,4.3,
LG,272 L,Double Door,3 Star,"₹ 27,590",30% off,4.2,
Whirlpool,235 L,Double Door,3 Star,"₹ 27,590",26% off,4.1,
Godrej,272 L,Double Door,3 Star,"₹ 27,590",21% off,4.2,
LG,264 L,Double Door,2 Star,"₹ 27,499",29% off,4.3,
CANDY,328 L,Double Door,3 Star,"₹ 27,490",28% off,4.4,
Godrej,472 L,Double Door,2 Star,"₹ 27,490",25% off,4.1,
Godrej,436 L,Double Door,2 Star,"₹ 27,490",37% off,4.3,
Haier,268 L,Double Door,2 Star,"₹ 27,490",32% off,4.1,
LG,398 L,Double Door,3 Star,"₹ 27,490",24% off,4.3,
Voltas,563 L,Side by Side,N/A,"₹ 27,450",42% off,4.4,
LG,240 L,Double Door,3 Star,"₹ 27,348",28% off,4.4,
Haier,325 L,Double Door,3 Star,"₹ 27,270",31% off,4.3,
Whirlpool,300 L,Triple Door,N/A,"₹ 27,190",26% off,4.3,
Whirlpool,270 L,Triple Door,N/A,"₹ 27,099",25% off,4.3,
LG,343 L,Double Door,3 Star,"₹ 26,999",29% off,4.5,
Whirlpool,235 L,Triple Door,N/A,"₹ 26,999",23% off,4.3,
Haier,596 L,Side by Side,N/A,"₹ 26,999",42% off,4.5,
Whirlpool,236 L,Single Door,5 Star,"₹ 26,999",24% off,4.3,
LG,242 L,Double Door,3 Star,"₹ 26,999",29% off,4.4,
Haier,602 L,Side by Side,N/A,"₹ 28,050",43% off,4.5,
Whirlpool,240 L,Triple Door,N/A,"₹ 26,990",27% off,4.3,
Whirlpool,308 L,Double Door,3 Star,"₹ 26,990",25% off,4.1,
Voltas,472 L,Side by Side,N/A,"₹ 26,990",40% off,4.3,
Whirlpool,235 L,Double Door,2 Star,"₹ 26,990",29% off,4.3,
LG,272 L,Double Door,3 Star,"₹ 26,990",30% off,4.2,
Whirlpool,235 L,Double Door,3 Star,"₹ 26,990",26% off,4.1,
Godrej,272 L,Double Door,3 Star,"₹ 26,990",21% off,4.2,
CANDY,328 L,Double Door,3 Star,"₹ 26,950",28% off,4.3,
LG,264 L,Double Door,2 Star,"₹ 26,900",29% off,4.4,
Godrej,472 L,Double Door,2 Star,"₹ 26,900",25% off,4.1,
Haier,325 L,Double Door,3 Star,"₹ 26,790",31% off,4.3,
Godrej,436 L,Double Door,2 Star,"₹ 26,699",37% off,4.1,
Haier,268 L,Double Door,2 Star,"₹ 26,590",32% off,4.3,
LG,240 L,Double Door,3 Star,"₹ 26,590",28% off,4.4,
LG,398 L,Double Door,3 Star,"₹ 26,517",24% off,4.4,
Voltas,563 L,Side by Side,N/A,"₹ 26,517",42% off,4.3,
Whirlpool,300 L,Triple Door,N/A,"₹ 26,517",26% off,4.3,
Whirlpool,270 L,Triple Door,N/A,"₹ 26,490",25% off,4.3,
LG,343 L,Double Door,3 Star,"₹ 26,490",29% off,4.5,
Whirlpool,235 L,Triple Door,N/A,"₹ 26,490",23% off,4.3,
LG,242 L,Double Door,3 Star,"₹ 26,299",29% off,4.4,
Haier,596 L,Side by Side,N/A,"₹ 26,290",42% off,4.5,
Whirlpool,236 L,Single Door,5 Star,"₹ 26,270",24% off,4.3,
Haier,602 L,Side by Side,N/A,"₹ 26,240",43% off,4.5,
Whirlpool,240 L,Triple Door,N/A,"₹ 26,190",27% off,4.3,
Whirlpool,308 L,Double Door,3 Star,"₹ 26,190",25% off,4.1,
Voltas,472 L,Side by Side,N/A,"₹ 26,090",40% off,4.3,
Whirlpool,235 L,Double Door,2 Star,"₹ 26,090",29% off,4.3,
LG,272 L,Double Door,3 Star,"₹ 26,090",30% off,4.2,
Whirlpool,235 L,Double Door,3 Star,"₹ 26,050",26% off,4.1,
Godrej,272 L,Double Door,3 Star,"₹ 26,000",21% off,4.2,
LG,264 L,Double Door,2 Star,"₹ 25,999",29% off,4.4,
CANDY,328 L,Double Door,3 Star,"₹ 25,999",28% off,4.3,
Godrej,472 L,Double Door,2 Star,"₹ 25,990",25% off,4.1,
Godrej,436 L,Double Door,2 Star,"₹ 25,990",37% off,4.1,
Haier,268 L,Double Door,2 Star,"₹ 25,990",32% off,4.3,
LG,398 L,Double Door,3 Star,"₹ 25,990",24% off,4.4,
Voltas,563 L,Side by Side,N/A,"₹ 25,990",42% off,4.3,
LG,240 L,Double Door,3 Star,"₹ 25,990",28% off,4.4,
Haier,325 L,Double Door,3 Star,"₹ 25,990",31% off,4.3,
Whirlpool,300 L,Triple Door,N/A,"₹ 25,990",26% off,4.3,
Whirlpool,270 L,Triple Door,N/A,"₹ 25,979",25% off,4.3,
LG,343 L,Double Door,3 Star,"₹ 27,990",29% off,4.5,
Whirlpool,235 L,Triple Door,N/A,"₹ 25,800",23% off,4.3,
Haier,596 L,Side by Side,N/A,"₹ 25,799",29% off,4.5,
Whirlpool,236 L,Single Door,5 Star,"₹ 25,790",42% off,4.3,
LG,242 L,Double Door,3 Star,"₹ 25,749",24% off,4.4,
Haier,602 L,Side by Side,N/A,"₹ 25,730",43% off,4.5,
Whirlpool,240 L,Triple Door,N/A,"₹ 25,545",27% off,4.3,
Whirlpool,308 L,Double Door,3 Star,"₹ 25,490",25% off,4.1,
Voltas,472 L,Side by Side,N/A,"₹ 25,240",40% off,4.3,
Whirlpool,235 L,Double Door,2 Star,"₹ 25,190",29% off,4.3,
LG,272 L,Double Door,3 Star,"₹ 24,999",30% off,4.2,
Whirlpool,235 L,Double Door,3 Star,"₹ 24,999",26% off,4.1,
Godrej,272 L,Double Door,3 Star,"₹ 24,994",21% off,4.2,
CANDY,328 L,Double Door,3 Star,"₹ 24,994",29% off,4.3,
LG,264 L,Double Door,2 Star,"₹ 24,990",28% off,4.4,
Godrej,472 L,Double Door,2 Star,"₹ 24,990",25% off,4.1,
Haier,325 L,Double Door,3 Star,"₹ 24,990",37% off,4.3,
Godrej,436 L,Double Door,2 Star,"₹ 24,990",32% off,4.1,
Haier,268 L,Double Door,2 Star,"₹ 24,990",24% off,4.3,
LG,240 L,Double Door,3 Star,"₹ 24,990",42% off,4.4,
LG,398 L,Double Door,3 Star,"₹ 24,990",28% off,4.4,
Voltas,563 L,Side by Side,N/A,"₹ 24,990",31% off,4.3,
Whirlpool,300 L,Triple Door,N/A,"₹ 24,990",26% off,4.3,
Whirlpool,270 L,Triple Door,N/A,"₹ 24,900",25% off,4.3,
LG,343 L,Double Door,3 Star,"₹ 24,900",29% off,4.5,
Whirlpool,235 L,Triple Door,N/A,"₹ 24,900",23% off,4.3,
Haier,596 L,Side by Side,N/A,"₹ 24,890",42% off,4.5,
Whirlpool,236 L,Single Door,5 Star,"₹ 24,841",24% off,4.3,
LG,242 L,Double Door,3 Star,"₹ 24,790",29% off,4.4,
Haier,602 L,Side by Side,N/A,"₹ 24,790",43% off,4.5,
Whirlpool,240 L,Triple Door,N/A,"₹ 24,700",27% off,4.3,
Whirlpool,308 L,Double Door,3 Star,"₹ 24,700",25% off,4.1,
Voltas,472 L,Side by Side,N/A,"₹ 24,600",40% off,4.3,
Whirlpool,235 L,Double Door,2 Star,"₹ 24,550",29% off,4.3,
LG,272 L,Double Door,3 Star,"₹ 24,490",30% off,4.2,
Whirlpool,235 L,Double Door,3 Star,"₹ 24,490",26% off,4.1,
Godrej,272 L,Double Door,3 Star,"₹ 24,490",21% off,4.2,
CANDY,328 L,Double Door,3 Star,"₹ 24,399",28% off,4.3,
LG,264 L,Double Door,2 Star,"₹ 24,290",29% off,4.4,
Godrej,472 L,Double Door,2 Star,"₹ 24,281",25% off,4.1,
Haier,325 L,Double Door,3 Star,"₹ 24,200",31% off,4.3,
Godrej,436 L,Double Door,2 Star,"₹ 24,190",37% off,4.1,
Haier,268 L,Double Door,2 Star,"₹ 24,000",32% off,4.3,
LG,240 L,Double Door,3 Star,"₹ 24,000",28% off,4.4,
LG,398 L,Double Door,3 Star,"₹ 23,999",24% off,4.4,
Voltas,563 L,Side by Side,N/A,"₹ 23,999",42% off,4.3,
Whirlpool,300 L,Triple Door,N/A,"₹ 23,999",26% off,4.3,
Whirlpool,270 L,Triple Door,N/A,"₹ 23,999",25% off,4.3,
Whirlpool,235 L,Triple Door,N/A,"₹ 23,999",29% off,4.5,
LG,343 L,Double Door,3 Star,"₹ 23,999",23% off,4.3,
LG,242 L,Double Door,3 Star,"₹ 23,990",42% off,4.5,
Haier,596 L,Side by Side,N/A,"₹ 23,990",24% off,4.3,
Whirlpool,236 L,Single Door,5 Star,"₹ 23,990",29% off,4.4,
Haier,602 L,Side by Side,N/A,"₹ 23,990",43% off,4.5,
Whirlpool,240 L,Triple Door,N/A,"₹ 23,990",27% off,4.3,
Voltas,472 L,Side by Side,N/A,"₹ 23,990",25% off,4.1,
LG,272 L,Double Door,3 Star,"₹ 23,990",40% off,4.3,
Whirlpool,235 L,Double Door,3 Star,"₹ 23,990",29% off,4.3,
Whirlpool,308 L,Double Door,3 Star,"₹ 23,990",30% off,4.2,
Godrej,272 L,Double Door,3 Star,"₹ 23,990",26% off,4.1,
LG,264 L,Double Door,2 Star,"₹ 23,980",21% off,4.2,
CANDY,328 L,Double Door,3 Star,"₹ 23,970",28% off,4.3,
Whirlpool,235 L,Double Door,2 Star,"₹ 23,959",29% off,4.4,
Voltas,563 L,Side by Side,N/A,"₹ 23,919",25% off,4.1,
LG,398 L,Double Door,3 Star,"₹ 23,900",31% off,4.3,
Haier,268 L,Double Door,2 Star,"₹ 23,900",37% off,4.1,
Godrej,436 L,Double Door,2 Star,"₹ 23,900",32% off,4.3,
LG,240 L,Double Door,3 Star,"₹ 23,899",28% off,4.4,
Haier,325 L,Double Door,3 Star,"₹ 23,799",24% off,4.4,
Whirlpool,300 L,Triple Door,N/A,"₹ 23,500",42% off,4.3,
Godrej,472 L,Double Door,2 Star,"₹ 23,490",26% off,4.3,
Whirlpool,270 L,Triple Door,N/A,"₹ 23,490",25% off,4.3,
LG,343 L,Double Door,3 Star,"₹ 23,490",29% off,4.5,
Whirlpool,235 L,Triple Door,N/A,"₹ 23,490",23% off,4.3,
LG,242 L,Double Door,3 Star,"₹ 23,490",29% off,4.5,
Haier,596 L,Side by Side,N/A,"₹ 23,490",42% off,4.3,
Whirlpool,236 L,Single Door,5 Star,"₹ 23,430",24% off,4.4,
Haier,602 L,Side by Side,N/A,"₹ 23,190",43% off,4.5,
Whirlpool,240 L,Triple Door,N/A,"₹ 23,000",27% off,4.3,
Whirlpool,308 L,Double Door,3 Star,"₹ 22,999",25% off,4.1,
Voltas,472 L,Side by Side,N/A,"₹ 22,990",40% off,4.3,
Whirlpool,235 L,Double Door,2 Star,"₹ 22,990",29% off,4.3,
LG,272 L,Double Door,3 Star,"₹ 22,990",30% off,4.2,
Whirlpool,235 L,Double Door,3 Star,"₹ 22,990",26% off,4.1,
Godrej,272 L,Double Door,3 Star,"₹ 22,990",21% off,4.2,
LG,264 L,Double Door,2 Star,"₹ 22,990",29% off,4.3,
CANDY,328 L,Double Door,3 Star,"₹ 22,990",28% off,4.4,
Godrej,472 L,Double Door,2 Star,"₹ 22,990",25% off,4.1,
Godrej,436 L,Double Door,2 Star,"₹ 22,984",37% off,4.3,
Haier,268 L,Double Door,2 Star,"₹ 22,950",32% off,4.1,
LG,398 L,Double Door,3 Star,"₹ 22,948",24% off,4.3,
Voltas,563 L,Side by Side,N/A,"₹ 22,900",42% off,4.4,
LG,240 L,Double Door,3 Star,"₹ 22,889",28% off,4.4,
Haier,325 L,Double Door,3 Star,"₹ 22,852",31% off,4.3,
Whirlpool,300 L,Triple Door,N/A,"₹ 22,790",26% off,4.3,
LG,343 L,Double Door,3 Star,"₹ 22,590",25% off,4.3,
Whirlpool,235 L,Triple Door,N/A,"₹ 22,570",29% off,4.5,
Haier,596 L,Side by Side,N/A,"₹ 22,500",23% off,4.3,
Whirlpool,236 L,Single Door,5 Star,"₹ 22,499",42% off,4.4,
LG,242 L,Double Door,3 Star,"₹ 22,490",24% off,4.5,
Haier,602 L,Side by Side,N/A,"₹ 22,390",29% off,4.3,
Whirlpool,240 L,Triple Door,N/A,"₹ 22,300",43% off,4.5,
Whirlpool,308 L,Double Door,3 Star,"₹ 22,299",27% off,4.3,
Whirlpool,235 L,Double Door,2 Star,"₹ 22,142",25% off,4.1,
LG,272 L,Double Door,3 Star,"₹ 22,000",40% off,4.3,
Whirlpool,235 L,Double Door,3 Star,"₹ 21,999",29% off,4.3,
Godrej,272 L,Double Door,3 Star,"₹ 21,999",30% off,4.2,
CANDY,328 L,Double Door,3 Star,"₹ 21,999",26% off,4.1,
LG,264 L,Double Door,2 Star,"₹ 21,990",21% off,4.2,
Godrej,472 L,Double Door,2 Star,"₹ 21,990",28% off,4.4,
Haier,325 L,Double Door,3 Star,"₹ 21,990",29% off,4.3,
Godrej,436 L,Double Door,2 Star,"₹ 21,990",25% off,4.1,
Haier,268 L,Double Door,2 Star,"₹ 21,990",31% off,4.1,
LG,240 L,Double Door,3 Star,"₹ 21,990",37% off,4.3,
LG,398 L,Double Door,3 Star,"₹ 21,990",32% off,4.4,
Whirlpool,300 L,Triple Door,N/A,"₹ 21,990",28% off,4.3,
Haier,596 L,Side by Side,N/A,"₹ 21,915",24% off,4.4,
Whirlpool,274 L,Single Door,3 Star,"₹ 21,990",42% off,4.3,
LG,246 L,Double Door,3 Star,"₹ 21,990",26% off,4.3,
Whirlpool,270 L,Triple Door,N/A,"₹ 21,915",25% off,4.3,
LG,343 L,Double Door,3 Star,"₹ 21,790",23% off,4.5,
Whirlpool,235 L,Triple Door,N/A,"₹ 22,490",29% off,4.3,
Haier,596 L,Side by Side,N/A,"₹ 21,704",42% off,4.5,
Whirlpool,236 L,Single Door,5 Star,"₹ 21,490",24% off,4.3,
LG,242 L,Double Door,3 Star,"₹ 21,490",27% off,4.4,
Haier,602 L,Side by Side,N/A,"₹ 21,300",40% off,4.5,
Whirlpool,240 L,Triple Door,N/A,"₹ 21,300",30% off,4.3,
Whirlpool,308 L,Double Door,3 Star,"₹ 21,300",26% off,4.1,
Voltas,472 L,Side by Side,N/A,"₹ 21,299",25% off,4.3,
Whirlpool,235 L,Double Door,2 Star,"₹ 21,290",21% off,4.3,
LG,272 L,Double Door,3 Star,"₹ 21,050",29% off,4.2,
Whirlpool,235 L,Double Door,3 Star,"₹ 20,999",29% off,4.1,
Godrej,272 L,Double Door,3 Star,"₹ 20,990",42% off,4.2,
CANDY,328 L,Double Door,3 Star,"₹ 20,990",32% off,4.3,
LG,264 L,Double Door,2 Star,"₹ 20,990",37% off,4.4,
Godrej,472 L,Double Door,2 Star,"₹ 20,990",28% off,4.1,
Haier,325 L,Double Door,3 Star,"₹ 20,990",31% off,4.3,
Godrej,436 L,Double Door,2 Star,"₹ 20,890",26% off,4.1,
Haier,268 L,Double Door,2 Star,"₹ 20,759",25% off,4.3,
LG,240 L,Double Door,3 Star,"₹ 20,699",41% off,4.4,
LG,398 L,Double Door,3 Star,"₹ 20,699",26% off,4.4,
Voltas,563 L,Side by Side,N/A,"₹ 20,690",31% off,4.3,
Whirlpool,300 L,Triple Door,N/A,"₹ 20,490",35% off,4.3,
Whirlpool,270 L,Triple Door,N/A,"₹ 20,390",25% off,4.3,
LG,343 L,Double Door,3 Star,"₹ 20,231",29% off,4.5,
Whirlpool,235 L,Triple Door,N/A,"₹ 20,190",23% off,4.3,
LG,242 L,Double Door,3 Star,"₹ 20,107",42% off,4.5,
Haier,596 L,Side by Side,N/A,"₹ 20,010",24% off,4.3,
Whirlpool,236 L,Single Door,5 Star,"₹ 20,000",29% off,4.4,
Haier,602 L,Side by Side,N/A,"₹ 20,000",43% off,4.5,
Whirlpool,240 L,Triple Door,N/A,"₹ 19,999",27% off,4.3,
Whirlpool,308 L,Double Door,3 Star,"₹ 19,999",25% off,4.1,
Voltas,472 L,Side by Side,N/A,"₹ 19,990",40% off,4.3,
Whirlpool,235 L,Double Door,2 Star,"₹ 19,990",29% off,4.3,
LG,272 L,Double Door,3 Star,"₹ 19,990",30% off,4.2,
Whirlpool,235 L,Double Door,3 Star,"₹ 19,990",26% off,4.1,
Godrej,272 L,Double Door,3 Star,"₹ 19,990",21% off,4.2,
LG,264 L,Double Door,2 Star,"₹ 19,989",28% off,4.3,
CANDY,328 L,Double Door,3 Star,"₹ 19,923",29% off,4.4,
Godrej,472 L,Double Door,2 Star,"₹ 19,890",25% off,4.1,
Godrej,436 L,Double Door,2 Star,"₹ 19,890",31% off,4.3,
Haier,268 L,Double Door,2 Star,"₹ 19,799",37% off,4.1,
LG,398 L,Double Door,3 Star,"₹ 19,790",32% off,4.3,
Voltas,563 L,Side by Side,N/A,"₹ 19,790",28% off,4.4,
LG,240 L,Double Door,3 Star,"₹ 19,700",24% off,4.4,
Haier,325 L,Double Door,3 Star,"₹ 19,690",42% off,4.3,
Whirlpool,300 L,Triple Door,N/A,"₹ 19,682",26% off,4.3,
Whirlpool,270 L,Triple Door,N/A,"₹ 19,621",25% off,4.3,
LG,343 L,Double Door,3 Star,"₹ 19,505",29% off,4.3,
Whirlpool,235 L,Triple Door,N/A,"₹ 19,494",23% off,4.5,
LG,242 L,Double Door,3 Star,"₹ 19,494",42% off,4.4,
Haier,596 L,Side by Side,N/A,"₹ 19,490",24% off,4.5,
Whirlpool,236 L,Single Door,5 Star,"₹ 19,490",29% off,4.3,
Haier,602 L,Side by Side,N/A,"₹ 19,490",43% off,4.5,
Whirlpool,240 L,Triple Door,N/A,"₹ 19,490",27% off,4.3,
Whirlpool,308 L,Double Door,3 Star,"₹ 19,490",25% off,4.3,
Voltas,472 L,Side by Side,N/A,"₹ 19,490",40% off,4.2,
Whirlpool,235 L,Double Door,2 Star,"₹ 19,400",29% off,4.1,
LG,272 L,Double Door,3 Star,"₹ 19,380",30% off,4.1,
Whirlpool,235 L,Double Door,3 Star,"₹ 19,375",26% off,4.2,
Godrej,272 L,Double Door,3 Star,"₹ 19,370",21% off,4.4,
LG,264 L,Double Door,2 Star,"₹ 19,301",28% off,4.3,
CANDY,328 L,Double Door,3 Star,"₹ 19,190",29% off,4.3,
Godrej,472 L,Double Door,2 Star,"₹ 19,110",25% off,4.3,
Godrej,436 L,Double Door,2 Star,"₹ 18,999",31% off,4.4,
Haier,268 L,Double Door,2 Star,"₹ 18,990",37% off,4.3,
LG,398 L,Double Door,3 Star,"₹ 18,990",32% off,4.1,
Voltas,563 L,Side by Side,N/A,"₹ 18,990",28% off,4.4,
LG,240 L,Double Door,3 Star,"₹ 18,990",24% off,4.3,
Haier,325 L,Double Door,3 Star,"₹ 18,990",42% off,4.3,
Whirlpool,300 L,Triple Door,N/A,"₹ 18,990",26% off,4.1,
Whirlpool,270 L,Triple Door,N/A,"₹ 18,990",25% off,4.3,
LG,343 L,Double Door,3 Star,"₹ 18,972",23% off,4.5,
Whirlpool,235 L,Triple Door,N/A,"₹ 18,900",29% off,4.3,
Haier,596 L,Side by Side,N/A,"₹ 18,900",29% off,4.5,
Whirlpool,236 L,Single Door,5 Star,"₹ 18,900",42% off,4.3,
LG,242 L,Double Door,3 Star,"₹ 18,899",24% off,4.4,
Haier,602 L,Side by Side,N/A,"₹ 18,840",43% off,4.5,
Whirlpool,240 L,Triple Door,N/A,"₹ 18,800",27% off,4.3,
Whirlpool,308 L,Double Door,3 Star,"₹ 18,790",40% off,4.1,
Voltas,472 L,Side by Side,N/A,"₹ 18,790",30% off,4.3,
Whirlpool,235 L,Double Door,2 Star,"₹ 18,790",26% off,4.3,
LG,272 L,Double Door,3 Star,"₹ 18,770",25% off,4.2,
Whirlpool,235 L,Double Door,3 Star,"₹ 18,750",21% off,4.1,
Godrej,272 L,Double Door,3 Star,"₹ 18,699",29% off,4.2,
CANDY,328 L,Double Door,3 Star,"₹ 18,690",28% off,4.3,
LG,264 L,Double Door,2 Star,"₹ 18,690",29% off,4.4,
Godrej,472 L,Double Door,2 Star,"₹ 18,629",42% off,4.1,
Haier,325 L,Double Door,3 Star,"₹ 18,600",24% off,4.3,
Godrej,436 L,Double Door,2 Star,"₹ 18,594",32% off,4.1,
Haier,268 L,Double Door,2 Star,"₹ 18,594",37% off,4.3,
LG,240 L,Double Door,3 Star,"₹ 18,590",28% off,4.4,
LG,398 L,Double Door,3 Star,"₹ 18,590",31% off,4.4,
Voltas,563 L,Side by Side,N/A,"₹ 18,589",26% off,4.3,
Whirlpool,300 L,Triple Door,N/A,"₹ 18,524",25% off,4.3,
Whirlpool,270 L,Triple Door,N/A,"₹ 18,500",25% off,4.3,
LG,343 L,Double Door,3 Star,"₹ 18,490",29% off,4.5,
Whirlpool,235 L,Triple Door,N/A,"₹ 18,490",23% off,4.3,
LG,242 L,Double Door,3 Star,"₹ 18,490",42% off,4.5,
Haier,596 L,Side by Side,N/A,"₹ 18,490",24% off,4.3,
Whirlpool,236 L,Single Door,5 Star,"₹ 18,490",29% off,4.4,
Haier,602 L,Side by Side,N/A,"₹ 18,490",43% off,4.5,
Whirlpool,240 L,Triple Door,N/A,"₹ 18,490",27% off,4.3,
Whirlpool,308 L,Double Door,3 Star,"₹ 18,490",25% off,4.1,
Voltas,472 L,Side by Side,N/A,"₹ 18,490",40% off,4.3,
Whirlpool,235 L,Double Door,2 Star,"₹ 18,490",29% off,4.3,
LG,272 L,Double Door,3 Star,"₹ 18,450",30% off,4.2,
Whirlpool,235 L,Double Door,3 Star,"₹ 18,450",26% off,4.1,
Godrej,272 L,Double Door,3 Star,"₹ 18,439",21% off,4.2,
LG,264 L,Double Door,2 Star,"₹ 18,410",28% off,4.3,
CANDY,328 L,Double Door,3 Star,"₹ 18,390",29% off,4.4,
Godrej,472 L,Double Door,2 Star,"₹ 18,299",25% off,4.1,
Godrej,436 L,Double Door,2 Star,"₹ 18,299",31% off,4.3,
Haier,268 L,Double Door,2 Star,"₹ 17,989",37% off,4.1,
LG,398 L,Double Door,3 Star,"₹ 17,999",32% off,4.3,
Voltas,563 L,Side by Side,N/A,"₹ 17,990",28% off,4.4,
LG,240 L,Double Door,3 Star,"₹ 17,990",24% off,4.4,
Haier,325 L,Double Door,3 Star,"₹ 17,990",42% off,4.3,
Whirlpool,300 L,Triple Door,N/A,"₹ 17,990",26% off,4.3,
Whirlpool,270 L,Triple Door,N/A,"₹ 17,990",25% off,4.3,
LG,343 L,Double Door,3 Star,"₹ 17,990",29% off,4.3,
Whirlpool,235 L,Triple Door,N/A,"₹ 17,990",23% off,4.5,
Haier,596 L,Side by Side,N/A,"₹ 17,990",42% off,4.4,
Whirlpool,236 L,Single Door,5 Star,"₹ 17,990",24% off,4.5,
LG,242 L,Double Door,3 Star,"₹ 17,990",29% off,4.3,
Haier,602 L,Side by Side,N/A,"₹ 17,990",43% off,4.5,
Whirlpool,240 L,Triple Door,N/A,"₹ 17,990",27% off,4.3,
Whirlpool,308 L,Double Door,3 Star,"₹ 17,990",25% off,4.3,
Voltas,472 L,Side by Side,N/A,"₹ 17,990",40% off,4.2,
Whirlpool,235 L,Double Door,2 Star,"₹ 17,989",29% off,4.1,
LG,272 L,Double Door,3 Star,"₹ 17,980",30% off,4.1,
Whirlpool,235 L,Double Door,3 Star,"₹ 17,950",26% off,4.2,
Godrej,272 L,Double Door,3 Star,"₹ 17,900",21% off,4.4,
CANDY,328 L,Double Door,3 Star,"₹ 17,899",28% off,4.3,
LG,264 L,Double Door,2 Star,"₹ 17,885",29% off,4.3,
Godrej,472 L,Double Door,2 Star,"₹ 17,790",25% off,4.3,
Haier,325 L,Double Door,3 Star,"₹ 17,790",31% off,4.4,
Godrej,436 L,Double Door,2 Star,"₹ 17,740",37% off,4.3,
Haier,268 L,Double Door,2 Star,"₹ 17,700",32% off,4.1,
LG,240 L,Double Door,3 Star,"₹ 17,690",28% off,4.4,
LG,398 L,Double Door,3 Star,"₹ 17,690",24% off,4.3,
Voltas,563 L,Side by Side,N/A,"₹ 17,690",42% off,4.3,
Whirlpool,300 L,Triple Door,N/A,"₹ 17,690",26% off,4.1,
Whirlpool,270 L,Triple Door,N/A,"₹ 17,690",25% off,4.5,
LG,343 L,Double Door,3 Star,"₹ 17,650",29% off,4.4,
Whirlpool,235 L,Triple Door,N/A,"₹ 17,650",23% off,4.3,
Haier,596 L,Side by Side,N/A,"₹ 17,589",42% off,4.3,
Whirlpool,236 L,Single Door,5 Star,"₹ 17,559",24% off,4.5,
LG,242 L,Double Door,3 Star,"₹ 17,559",29% off,4.3,
Haier,602 L,Side by Side,N/A,"₹ 17,555",43% off,4.4,
Whirlpool,240 L,Triple Door,N/A,"₹ 17,539",27% off,4.3,
Whirlpool,308 L,Double Door,3 Star,"₹ 17,528",25% off,4.5,
Voltas,472 L,Side by Side,N/A,"₹ 17,510",40% off,4.3,
Whirlpool,235 L,Double Door,2 Star,"₹ 17,500",29% off,4.3,
LG,272 L,Double Door,3 Star,"₹ 17,499",30% off,4.3,
Whirlpool,235 L,Double Door,3 Star,"₹ 17,490",26% off,4.2,
Godrej,272 L,Double Door,3 Star,"₹ 17,490",21% off,4.3,
CANDY,328 L,Double Door,3 Star,"₹ 17,490",28% off,4.2,
LG,264 L,Double Door,2 Star,"₹ 17,490",29% off,4.4,
Godrej,472 L,Double Door,2 Star,"₹ 17,490",25% off,4.3,
Haier,325 L,Double Door,3 Star,"₹ 17,490",31% off,4.1,
Godrej,436 L,Double Door,2 Star,"₹ 17,490",37% off,4.3,
Haier,268 L,Double Door,2 Star,"₹ 17,490",32% off,4.4,
LG,240 L,Double Door,3 Star,"₹ 17,490",28% off,4.3,
LG,398 L,Double Door,3 Star,"₹ 17,490",24% off,4.4,
Voltas,563 L,Side by Side,N/A,"₹ 17,490",42% off,4.3,
Whirlpool,300 L,Triple Door,N/A,"₹ 17,450",26% off,4.3,
Whirlpool,270 L,Triple Door,N/A,"₹ 17,399",25% off,4.5,
LG,343 L,Double Door,3 Star,"₹ 17,250",29% off,4.4,
Whirlpool,235 L,Triple Door,N/A,"₹ 17,250",23% off,4.3,
Haier,596 L,Side by Side,N/A,"₹ 17,200",29% off,4.3,
Whirlpool,236 L,Single Door,5 Star,"₹ 17,190",42% off,4.5,
LG,242 L,Double Door,3 Star,"₹ 17,190",24% off,4.3,
Haier,602 L,Side by Side,N/A,"₹ 17,190",43% off,4.3,
Whirlpool,240 L,Triple Door,N/A,"₹ 17,150",27% off,4.4,
Whirlpool,308 L,Double Door,3 Star,"₹ 17,100",25% off,4.5,
Voltas,472 L,Side by Side,N/A,"₹ 17,090",40% off,4.3,
Whirlpool,235 L,Double Door,2 Star,"₹ 17,050",29% off,4.3,
LG,272 L,Double Door,3 Star,"₹ 17,020",30% off,4.3,
Whirlpool,235 L,Double Door,3 Star,"₹ 17,000",26% off,4.2,
Godrej,272 L,Double Door,3 Star,"₹ 16,999",21% off,4.2,
CANDY,328 L,Double Door,3 Star,"₹ 16,999",29% off,4.3,
LG,264 L,Double Door,2 Star,"₹ 16,999",28% off,4.3,
Godrej,472 L,Double Door,2 Star,"₹ 16,999",25% off,4.4,
Haier,325 L,Double Door,3 Star,"₹ 16,990",37% off,4.3,
Godrej,436 L,Double Door,2 Star,"₹ 16,990",32% off,4.1,
Haier,268 L,Double Door,2 Star,"₹ 16,990",24% off,4.3,
LG,240 L,Double Door,3 Star,"₹ 16,990",42% off,4.4,
LG,398 L,Double Door,3 Star,"₹ 16,990",28% off,4.4,
Voltas,563 L,Side by Side,N/A,"₹ 16,990",31% off,4.3,
Whirlpool,300 L,Triple Door,N/A,"₹ 16,990",26% off,4.3,
Whirlpool,270 L,Triple Door,N/A,"₹ 16,990",25% off,4.3,
LG,343 L,Double Door,3 Star,"₹ 16,990",23% off,4.5,
Whirlpool,235 L,Triple Door,N/A,"₹ 16,990",29% off,4.3,
Haier,596 L,Side by Side,N/A,"₹ 16,990",29% off,4.5,
Whirlpool,236 L,Single Door,5 Star,"₹ 16,990",42% off,4.3,
LG,242 L,Double Door,3 Star,"₹ 16,990",24% off,4.4,
Haier,602 L,Side by Side,N/A,"₹ 16,980",43% off,4.5,
Whirlpool,240 L,Triple Door,N/A,"₹ 16,980",27% off,4.3,
Whirlpool,308 L,Double Door,3 Star,"₹ 16,971",40% off,4.1,
Voltas,472 L,Side by Side,N/A,"₹ 16,960",30% off,4.3,
Whirlpool,235 L,Double Door,2 Star,"₹ 16,950",26% off,4.3,
LG,272 L,Double Door,3 Star,"₹ 16,900",25% off,4.2,
Whirlpool,235 L,Double Door,3 Star,"₹ 16,899",21% off,4.1,
Godrej,272 L,Double Door,3 Star,"₹ 16,895",29% off,4.2,
CANDY,328 L,Double Door,3 Star,"₹ 16,888",28% off,4.3,
LG,264 L,Double Door,2 Star,"₹ 16,790",29% off,4.4,
Godrej,472 L,Double Door,2 Star,"₹ 16,790",42% off,4.1,
Haier,325 L,Double Door,3 Star,"₹ 16,790",24% off,4.3,
Godrej,436 L,Double Door,2 Star,"₹ 16,990",32% off,4.1,
Haier,268 L,Double Door,2 Star,"₹ 16,990",37% off,4.3,
LG,240 L,Double Door,3 Star,"₹ 16,980",28% off,4.4,
LG,398 L,Double Door,3 Star,"₹ 16,980",31% off,4.4,
Voltas,563 L,Side by Side,N/A,"₹ 16,971",26% off,4.3,
Whirlpool,300 L,Triple Door,N/A,"₹ 16,960",25% off,4.3,
Whirlpool,270 L,Triple Door,N/A,"₹ 16,950",25% off,4.3,
LG,343 L,Double Door,3 Star,"₹ 16,900",29% off,4.5,
Whirlpool,235 L,Triple Door,N/A,"₹ 16,900",23% off,4.4,
LG,242 L,Double Door,3 Star,"₹ 16,899",42% off,4.5,
Haier,596 L,Side by Side,N/A,"₹ 16,895",24% off,4.3,
Whirlpool,236 L,Single Door,5 Star,"₹ 16,888",29% off,4.5,
Haier,602 L,Side by Side,N/A,"₹ 16,790",43% off,4.3,
Whirlpool,240 L,Triple Door,N/A,"₹ 16,790",27% off,4.2,
Whirlpool,308 L,Double Door,3 Star,"₹ 16,790",25% off,4.1,
Voltas,472 L,Side by Side,N/A,"₹ 16,790",40% off,4.1,
Whirlpool,235 L,Double Door,2 Star,"₹ 16,709",29% off,4.2,
LG,272 L,Double Door,3 Star,"₹ 16,699",30% off,4.4,
Whirlpool,235 L,Double Door,3 Star,"₹ 16,690",26% off,4.3,
Godrej,272 L,Double Door,3 Star,"₹ 16,599",21% off,4.3,
LG,264 L,Double Door,2 Star,"₹ 16,590",28% off,4.4,
CANDY,328 L,Double Door,3 Star,"₹ 16,361",29% off,4.3,
Godrej,472 L,Double Door,2 Star,"₹ 16,306",25% off,4.1,
Godrej,436 L,Double Door,2 Star,"₹ 16,300",31% off,4.4,
Haier,268 L,Double Door,2 Star,"₹ 16,294",37% off,4.3,
LG,398 L,Double Door,3 Star,"₹ 16,290",32% off,4.1,
Voltas,563 L,Side by Side,N/A,"₹ 16,290",28% off,4.3,
LG,240 L,Double Door,3 Star,"₹ 16,290",24% off,4.5,
Haier,325 L,Double Door,3 Star,"₹ 16,285",42% off,4,
Whirlpool,300 L,Triple Door,N/A,"₹ 16,269",26% off,4.3,
Whirlpool,270 L,Triple Door,N/A,"₹ 16,250",25% off,4.3,
LG,343 L,Double Door,3 Star,"₹ 16,205",29% off,4.5,
Whirlpool,235 L,Triple Door,N/A,"₹ 16,200",23% off,4.3,
Haier,596 L,Side by Side,N/A,"₹ 16,200",42% off,4.4,
Whirlpool,236 L,Single Door,5 Star,"₹ 16,190",24% off,4.5,
LG,242 L,Double Door,3 Star,"₹ 16,190",29% off,4.3,
Haier,602 L,Side by Side,N/A,"₹ 16,100",43% off,4.5,
Whirlpool,240 L,Triple Door,N/A,"₹ 16,080",27% off,4.3,
Whirlpool,308 L,Double Door,3 Star,"₹ 16,014",25% off,4.1,
Voltas,472 L,Side by Side,N/A,"₹ 16,014",40% off,4.3,
Whirlpool,235 L,Double Door,2 Star,"₹ 15,999",29% off,4.3,
LG,272 L,Double Door,3 Star,"₹ 15,990",30% off,4.2,
Whirlpool,235 L,Double Door,3 Star,"₹ 15,990",26% off,4.1,
Godrej,272 L,Double Door,3 Star,"₹ 15,990",21% off,4.2,
CANDY,328 L,Double Door,3 Star,"₹ 15,990",28% off,4.4,
LG,264 L,Double Door,2 Star,"₹ 15,990",29% off,4.3,
Godrej,472 L,Double Door,2 Star,"₹ 15,990",25% off,4.1,
Haier,325 L,Double Door,3 Star,"₹ 15,990",31% off,4.1,
Godrej,436 L,Double Door,2 Star,"₹ 15,990",37% off,4.3,
Haier,268 L,Double Door,2 Star,"₹ 15,990",32% off,4.4,
LG,240 L,Double Door,3 Star,"₹ 15,990",28% off,4.3,
LG,398 L,Double Door,3 Star,"₹ 15,990",24% off,4.4,
Voltas,563 L,Side by Side,N/A,"₹ 15,990",42% off,4.3,
Whirlpool,300 L,Triple Door,N/A,"₹ 15,990",26% off,4.3,
Whirlpool,270 L,Triple Door,N/A,"₹ 15,990",25% off,4.3,
LG,343 L,Double Door,3 Star,"₹ 15,990",23% off,4.5,
Whirlpool,235 L,Triple Door,N/A,"₹ 15,990",29% off,4.3,
LG,242 L,Double Door,3 Star,"₹ 15,990",29% off,4.5,
Haier,596 L,Side by Side,N/A,"₹ 15,990",42% off,4.3,
Whirlpool,236 L,Single Door,5 Star,"₹ 15,990",24% off,4.4,
Haier,602 L,Side by Side,N/A,"₹ 15,990",43% off,4.5,
Whirlpool,240 L,Triple Door,N/A,"₹ 15,990",27% off,4.3,
Whirlpool,308 L,Double Door,3 Star,"₹ 15,990",40% off,4.1,
Voltas,472 L,Side by Side,N/A,"₹ 15,950",30% off,4.3,
Whirlpool,235 L,Double Door,2 Star,"₹ 15,950",26% off,4.3,
LG,272 L,Double Door,3 Star,"₹ 15,900",25% off,4.2,
Whirlpool,235 L,Double Door,3 Star,"₹ 15,900",21% off,4.1,
Godrej,272 L,Double Door,3 Star,"₹ 15,900",29% off,4.2,
LG,264 L,Double Door,2 Star,"₹ 15,900",28% off,4.3,
CANDY,328 L,Double Door,3 Star,"₹ 15,899",29% off,4.4,
Godrej,472 L,Double Door,2 Star,"₹ 15,890",42% off,4.1,
Godrej,436 L,Double Door,2 Star,"₹ 15,890",24% off,4.3,
Haier,268 L,Double Door,2 Star,"₹ 15,890",32% off,4.1,
LG,398 L,Double Door,3 Star,"₹ 15,890",37% off,4.3,
Voltas,563 L,Side by Side,N/A,"₹ 15,890",28% off,4.4,
LG,240 L,Double Door,3 Star,"₹ 15,890",31% off,4.4,
Haier,325 L,Double Door,3 Star,"₹ 15,890",26% off,4.3,
Whirlpool,300 L,Triple Door,N/A,"₹ 15,790",25% off,4.3,
Whirlpool,270 L,Triple Door,N/A,"₹ 15,790",25% off,4.3,
LG,343 L,Double Door,3 Star,"₹ 15,790",23% off,4.5,
Whirlpool,235 L,Triple Door,N/A,"₹ 15,790",29% off,4.3,
LG,242 L,Double Door,3 Star,"₹ 15,790",29% off,4.5,
Haier,596 L,Side by Side,N/A,"₹ 15,790",42% off,4.3,
Whirlpool,236 L,Single Door,5 Star,"₹ 15,790",24% off,4.4,
Haier,602 L,Side by Side,N/A,"₹ 15,790",43% off,4.5,
Whirlpool,240 L,Triple Door,N/A,"₹ 15,790",27% off,4.3,
Whirlpool,308 L,Double Door,3 Star,"₹ 15,754",40% off,4.1,
Voltas,472 L,Side by Side,N/A,"₹ 15,750",30% off,4.3,
Whirlpool,235 L,Double Door,2 Star,"₹ 15,690",26% off,4.3,
LG,272 L,Double Door,3 Star,"₹ 15,639",25% off,4.2,
Whirlpool,235 L,Double Door,3 Star,"₹ 15,639",21% off,4.1,
Godrej,272 L,Double Door,3 Star,"₹ 15,599",29% off,4.2,
LG,264 L,Double Door,2 Star,"₹ 15,599",28% off,4.3,
CANDY,328 L,Double Door,3 Star,"₹ 15,594",29% off,4.4,
Godrej,472 L,Double Door,2 Star,"₹ 15,590",42% off,4.1,
Godrej,436 L,Double Door,2 Star,"₹ 15,590",24% off,4.3,
Haier,268 L,Double Door,2 Star,"₹ 15,590",32% off,4.1,
LG,398 L,Double Door,3 Star,"₹ 15,499",37% off,4.3,
Voltas,563 L,Side by Side,N/A,"₹ 15,499",28% off,4.4,
LG,240 L,Double Door,3 Star,"₹ 15,490",31% off,4.4,
Haier,325 L,Double Door,3 Star,"₹ 15,490",26% off,4.3,
Whirlpool,300 L,Triple Door,N/A,"₹ 15,490",25% off,4.3,
Whirlpool,270 L,Triple Door,N/A,"₹ 15,490",25% off,4.3,
LG,343 L,Double Door,3 Star,"₹ 15,440",23% off,4.5,
Whirlpool,235 L,Triple Door,N/A,"₹ 15,430",29% off,4.3,
Haier,596 L,Side by Side,N/A,"₹ 15,410",29% off,4.5,
Whirlpool,236 L,Single Door,5 Star,"₹ 15,405",42% off,4.3,
LG,242 L,Double Door,3 Star,"₹ 15,399",24% off,4.4,
Haier,602 L,Side by Side,N/A,"₹ 15,349",43% off,4.5,
Whirlpool,240 L,Triple Door,N/A,"₹ 15,300",27% off,4.3,
Whirlpool,308 L,Double Door,3 Star,"₹ 15,300",40% off,4.1,
Voltas,472 L,Side by Side,N/A,"₹ 15,299",30% off,4.3,
Whirlpool,235 L,Double Door,2 Star,"₹ 15,290",26% off,4.3,
LG,272 L,Double Door,3 Star,"₹ 15,290",25% off,4.2,
Whirlpool,235 L,Double Door,3 Star,"₹ 15,290",21% off,4.1,
Godrej,272 L,Double Door,3 Star,"₹ 15,290",29% off,4.2,
CANDY,328 L,Double Door,3 Star,"₹ 15,240",28% off,4.3,
LG,264 L,Double Door,2 Star,"₹ 15,100",29% off,4.4,
Godrej,472 L,Double Door,2 Star,"₹ 15,060",42% off,4.1,
Haier,325 L,Double Door,3 Star,"₹ 15,000",24% off,4.3,
Godrej,436 L,Double Door,2 Star,"₹ 14,999",32% off,4.1,
Haier,268 L,Double Door,2 Star,"₹ 14,990",37% off,4.3,
LG,240 L,Double Door,3 Star,"₹ 14,990",28% off,4.4,
LG,398 L,Double Door,3 Star,"₹ 14,990",31% off,4.4,
Voltas,563 L,Side by Side,N/A,"₹ 14,990",26% off,4.3,
Whirlpool,300 L,Triple Door,N/A,"₹ 14,990",25% off,4.3,
Whirlpool,270 L,Triple Door,N/A,"₹ 14,990",25% off,4.3,
Whirlpool,235 L,Triple Door,N/A,"₹ 14,990",23% off,4.5,
LG,343 L,Double Door,3 Star,"₹ 14,990",29% off,4.3,
LG,242 L,Double Door,3 Star,"₹ 14,990",29% off,4.4,
Haier,596 L,Side by Side,N/A,"₹ 14,985",42% off,4.5,
Whirlpool,236 L,Single Door,5 Star,"₹ 14,980",24% off,4.3,
Haier,602 L,Side by Side,N/A,"₹ 14,970",43% off,4.5,
Whirlpool,240 L,Triple Door,N/A,"₹ 14,959",27% off,4.3,
Voltas,472 L,Side by Side,N/A,"₹ 14,900",40% off,4.1,
LG,272 L,Double Door,3 Star,"₹ 14,900",30% off,4.3,
Whirlpool,235 L,Double Door,3 Star,"₹ 14,895",26% off,4.3,
Whirlpool,308 L,Double Door,3 Star,"₹ 14,890",25% off,4.2,
Godrej,272 L,Double Door,3 Star,"₹ 14,820",21% off,4.1,
LG,264 L,Double Door,2 Star,"₹ 14,769",29% off,4.2,
CANDY,328 L,Double Door,3 Star,"₹ 14,763",28% off,4.4,
Whirlpool,235 L,Double Door,2 Star,"₹ 14,699",29% off,4.3,
Voltas,563 L,Side by Side,N/A,"₹ 14,490",42% off,4.1,
LG,398 L,Double Door,3 Star,"₹ 14,579",24% off,4.1,
Haier,268 L,Double Door,2 Star,"₹ 14,490",32% off,4.3,
Godrej,436 L,Double Door,2 Star,"₹ 14,490",37% off,4.4,
LG,240 L,Double Door,3 Star,"₹ 14,490",28% off,4.3,
Haier,325 L,Double Door,3 Star,"₹ 14,490",31% off,4.4,
Whirlpool,300 L,Triple Door,N/A,"₹ 14,490",26% off,4.3,
Godrej,472 L,Double Door,2 Star,"₹ 14,490",25% off,4.3,
Whirlpool,270 L,Triple Door,N/A,"₹ 14,490",25% off,4.3,
LG,343 L,Double Door,3 Star,"₹ 14,490",23% off,4.3,
Whirlpool,235 L,Triple Door,N/A,"₹ 14,490",29% off,4.5,
Haier,596 L,Side by Side,N/A,"₹ 14,490",29% off,4.3,
Whirlpool,236 L,Single Door,5 Star,"₹ 14,465",42% off,4.5,
LG,242 L,Double Door,3 Star,"₹ 14,390",24% off,4.5,
Haier,602 L,Side by Side,N/A,"₹ 14,350",43% off,4.3,
Whirlpool,240 L,Triple Door,N/A,"₹ 14,350",27% off,4.4,
Whirlpool,308 L,Double Door,3 Star,"₹ 14,340",40% off,4.3,
Voltas,472 L,Side by Side,N/A,"₹ 14,299",30% off,4.5,
Whirlpool,235 L,Double Door,2 Star,"₹ 14,299",26% off,4.3,
LG,272 L,Double Door,3 Star,"₹ 14,290",25% off,4.1,
Whirlpool,235 L,Double Door,3 Star,"₹ 14,290",21% off,4.3,
Godrej,272 L,Double Door,3 Star,"₹ 14,290",29% off,4.3,
CANDY,328 L,Double Door,3 Star,"₹ 14,240",28% off,4.3,
